uporabnisko_ime,ime,priimek,datum_rojstva
mblundel0,Myron,Blundel,1968-03-10
gpalfree1,Ginger,Palfree,2020-01-02
aawcoate2,Anatollo,Awcoate,2006-07-08
mkaroly3,Melba,Karoly,1968-05-08
aspong4,Aubrey,Spong,1995-07-23
bdutteridge5,Bridget,Dutteridge,1964-12-29
rkees6,Rooney,Kees,1995-10-30
kcristol7,Kassie,Cristol,1962-02-11
dzapatero8,Daniel,Zapatero,1979-06-26
nstachini9,Nicoli,Stachini,2021-05-06
hcozbya,Hillard,Cozby,1990-01-17
srowlerb,Sydel,Rowler,1981-12-28
sboarc,Shalom,Boar,1994-09-06
gnyssensd,Guthrie,Nyssens,2017-07-29
abrierleye,Andrea,Brierley,1973-09-28
nbeswellf,Nathalie,Beswell,2015-05-12
enewboldg,Eartha,Newbold,2012-11-23
cmalloyh,Cyrille,Malloy,2018-10-28
sgreenei,Shae,Greene,1989-05-14
tgarlickej,Tiffie,Garlicke,1964-06-24
greviek,Grenville,Revie,1955-01-29
bgreenleesl,Berti,Greenlees,1951-07-08
mhammonm,Marcellus,Hammon,1979-02-22
wskuresn,Worthington,Skures,1971-10-25
dghioneo,Dean,Ghione,1964-05-30
rrushbrookep,Rafaelita,Rushbrooke,1977-06-26
ataleq,Aurie,Tale,1959-08-08
hsouthcombr,Hayes,Southcomb,2020-02-10
agurwoods,Arnie,Gurwood,1986-02-09
ahenighant,Alethea,Henighan,1964-04-27
lshillingu,Laurene,Shilling,2022-02-26
pveneurv,Patrice,Veneur,1988-04-20
jboylandw,Jule,Boyland,1995-12-18
abarrassex,Austin,Barrasse,2003-06-05
lcrickmoory,Leonie,Crickmoor,1991-07-16
meliescoz,Marwin,Eliesco,1988-04-20
hcorser10,Hope,Corser,1951-05-29
astump11,Aleece,Stump,1971-03-07
shancorn12,Susanna,Hancorn,2008-04-02
mscotchmoor13,Micky,Scotchmoor,2005-03-20
mmorris14,Maximilianus,Morris,1968-04-20
icordobes15,Ignacius,Cordobes,2003-10-18
ahurles16,Aloin,Hurles,1996-07-14
gblance17,Garreth,Blance,2017-10-01
mahern18,Mufinella,Ahern,2008-06-28
jfendt19,Joella,Fendt,1959-02-05
joverthrow1a,Jonathan,Overthrow,1982-09-19
hdobbins1b,Halie,Dobbins,1997-01-05
jgonnin1c,Judith,Gonnin,1998-08-06
apridgeon1d,Adria,Pridgeon,1980-03-09
dornils1e,Denver,Ornils,1986-11-03
ctogher1f,Celestina,Togher,1966-12-27
ttenaunt1g,Tome,Tenaunt,1962-04-02
ssambrok1h,Susan,Sambrok,1968-03-14
bdmych1i,Barbee,Dmych,1951-03-06
ogoldhill1j,Olympia,Goldhill,2000-12-24
ovanweedenburg1k,Ortensia,Van Weedenburg,1987-09-12
treadings1l,Thea,Readings,1951-03-10
mpadgett1m,Maryanna,Padgett,1971-12-02
gblonfield1n,Giles,Blonfield,1952-04-20
tleggis1o,Tabbie,Leggis,1977-02-08
dmanwell1p,Dianna,Manwell,1996-04-07
oshard1q,Odilia,Shard,2009-10-16
vivimy1r,Vikki,Ivimy,1990-11-15
hstorrier1s,Hali,Storrier,2019-12-09
osherred1t,Odelia,Sherred,1951-03-06
dkegley1u,Doria,Kegley,1988-09-21
nalfwy1v,Nelli,Alfwy,2002-02-22
asilcocks1w,Amie,Silcocks,1966-05-26
ktabord1x,Karola,Tabord,1988-02-23
nmackriell1y,Nat,Mackriell,2013-08-04
ztaylerson1z,Zuzana,Taylerson,1970-10-29
bgarwell20,Beverie,Garwell,2011-06-07
gmccurlye21,Giacinta,McCurlye,1963-12-26
bdickins22,Bank,Dickins,2021-09-03
grapkins23,Gradeigh,Rapkins,1962-04-18
rgrimsdith24,Robbie,Grimsdith,1970-09-27
tgoretti25,Tamqrah,Goretti,1971-04-11
mdeetch26,Maggi,Deetch,2001-10-17
adebruyn27,Appolonia,De Bruyn,2009-06-25
rwesgate28,Raviv,Wesgate,1982-05-25
lsnepp29,Lynnet,Snepp,2000-08-04
pfurse2a,Pierette,Furse,1964-04-03
charkus2b,Cornie,Harkus,2010-12-14
sbrigdale2c,Sherlock,Brigdale,1958-07-26
djedryka2d,Dannie,Jedryka,2003-10-06
nranyard2e,Nicolea,Ranyard,1997-08-08
lcritchard2f,Laraine,Critchard,2005-03-06
divanshintsev2g,Davin,Ivanshintsev,1986-02-07
fryves2h,Fairlie,Ryves,1980-07-20
aragat2i,Alejandro,Ragat,1987-12-31
sdederick2j,Sidney,Dederick,1958-09-11
lpynn2k,Lucille,Pynn,2004-01-31
cmasic2l,Carleen,Masic,1950-11-13
acraster2m,Ade,Craster,1989-05-01
mquest2n,Michell,Quest,1957-11-01
vledrun2o,Vail,Ledrun,2017-04-19
emccorley2p,Esra,McCorley,2005-01-25
ndabels2q,Norma,Dabels,2000-04-10
hmacgaughey2r,Harmonia,MacGaughey,2012-02-05
